-7.985540610580671661e+00,1.326928762026252651e+00,-2.260535291031442906e+00,-2.604353615611467276e+00,-3.509333976670481636e+00,5.681821904273682122e+01,1.339626342864070008e+00,3.924028386007969577e-02,1.927785284963057677e+01,-1.904756824107393942e-02,1.630570299812098833e-01,2.175233792176065606e-01,-2.032825341342520478e-02,-5.586821561543153791e-01,3.159948774861864429e+00,9.637599717010322919e+00,6.127415750372825487e-01,-4.924636488861033001e+00,-2.375875427316302343e-02,7.796135233393089337e+00,-1.184576685121600859e+00,8.404074562676761007e-02,1.113429166837996524e-03,-3.912229260959786958e-01,-6.562626076805171849e+00,8.833045744343567263e-01,2.015872828911277281e+00,2.689732079453770019e+00,1.261365153868208300e-01,1.891692980525744083e+00
-2.557330333427538793e-01,-8.842710613141038789e-02,3.254656459959496040e+00,-5.943428574267257958e-02,-3.096958437220491689e+01,1.442882566648265863e+00,-1.835540741676987864e+01,-9.572233063334981140e-02,-1.009394516483603566e+00,5.527619888730411421e-03,5.887151530889807027e+00,1.063190931407907325e+00,-4.469203870836638975e-02,2.120900141756359769e+00,1.087091762787575000e+01,-1.924731816057194900e+00,-2.674582290526267281e-02,2.658728389113561574e-01,1.413745096165428983e+00,3.964725418231378029e+00,-2.165445345053519932e-01,-3.376586778017552359e-01,-1.075892753417905801e-01,-6.635470949490445136e-01,-1.811048838208925460e+01,2.749311975712939171e-01,7.100374970720901846e-01,-5.017157449864391161e-01,1.182714604006929598e-01,-2.038633954966901918e+00
1.744129395567068086e-01,4.979530533331822523e-03,2.294972884598077201e+01,-3.389630845178936980e-02,-8.046869913356158577e+01,-4.251139720434162772e-01,2.216784388685247791e+02,6.581062383574484698e-02,7.156204917009149069e-01,-3.660380181557783885e+00,-5.445441487536296421e+00,-1.686002266011135342e+00,-8.175479501223451018e-02,6.855924862580735635e-01,8.195245948594370722e-01,7.359618201237236867e-01,-1.215375220474697482e+00,-9.363078977858341201e-01,2.507105200185448246e-01,5.755243611354726951e+00,1.166732179691401050e-03,2.395384912518210729e+00,1.652139048707475071e-03,4.710845540414235755e-01,-6.021630630314389521e+01,2.869102944132512434e+00,1.003763936062176620e+00,4.824833951994035530e+00,-2.181473580923806374e-02,1.412505701495826216e+01
-1.551397817587719441e+00,-5.740552405823754478e-01,-2.196942713372228795e+01,2.188611880454932254e-02,-1.061329379656290826e+02,-1.898916303749221268e-01,3.082606681820631778e+01,-8.191047579972035031e-01,4.809695441702722007e+00,6.407744991949751778e+00,7.028754071540024739e+00,4.695700592419785657e+00,-2.133278672938200282e-01,-1.215046478629568716e+00,-1.839552408928429417e+00,-6.029540267560327571e+00,3.118851278729224408e-01,7.834257751390149238e+00,2.707554680248641876e+00,2.839773066801686063e+00,2.332175788949163164e-01,-6.388317027935004333e-01,-6.701649021512771920e-02,9.165404459295287687e-01,7.316722557575977248e+01,5.529454792561512733e+00,8.980804594968821775e+00,-9.699238840502263370e-01,-5.809358330350991584e-02,1.107201300864721016e+00
2.043797269580400311e+00,-3.220965963646676755e+01,1.562708685280355780e+02,6.194138709722109282e-02,-5.516886989206677328e+01,-9.002593454231525572e-01,4.280901798247130046e+02,2.470093585769984657e+02,5.319233982037449238e+00,1.070139081224093047e+02,1.474882973725780699e+00,4.600019118245932503e+01,3.960042980061496021e+00,-9.642309976873297828e-01,3.226740180149359816e+01,3.182012316245944561e+01,-1.554259027975685115e+01,-1.992736277773377251e+00,5.102095735222420103e+00,-2.673357393136007953e+00,3.405865145367632518e+00,-1.054012390136969679e-01,-1.258174518289053743e-03,-2.736193302847615416e-01,-9.212761269076513315e+01,1.127662544479335693e+01,-1.959928295888722971e+01,4.540234548948098414e+00,-1.657040626230351504e-02,4.855202597777468299e+01
2.472581211372578469e+00,1.242589253974275776e+00,-2.079236763475490193e+02,6.743437463256520825e-01,7.909249713383879055e+01,5.963922508176892734e+00,5.360648350760429821e+02,-1.375505455544464617e+01,-2.490249032809992258e+01,3.619326333452092115e+01,1.809098756947038478e-01,-1.252794492449054253e+01,-2.826729161123351375e+00,-1.548936884392536073e-01,-4.765949724126996578e+00,6.104280227515020130e+01,8.863610448672418762e-01,5.625428613351334484e+00,8.064086542505131960e-02,-2.355330180297029230e+00,1.825586175547146695e-01,-8.974619891972078767e-01,6.386511762498875422e-02,-1.199782132891589886e-01,-2.585265329320883154e+01,-4.198444587584351950e+01,-1.279739551736170933e-01,1.194069611946094733e+00,-5.216261293115437292e-01,1.906716375183749435e+01
-8.807344040208334168e-02,-1.498842432437800909e+01,2.526048974850766982e+01,-1.037816587815083846e-01,-1.435624522441110607e+01,3.730998534957508639e+01,2.208187095316488779e+01,6.406142458980371712e-01,-2.929104072754460830e+00,1.507758432321924413e+00,-4.262168481278260090e-01,1.133980385992905404e+01,1.912281595371389198e+00,2.046999471241500057e+00,5.104065659284081624e-01,-8.395078775697186302e+01,3.297302014983434226e-01,1.439547314981202975e-01,-9.395638724113630769e-02,-1.908670707466785643e+03,-1.343505575124125237e-03,8.663116034802301746e-01,5.308800527591543694e-02,-1.738481413566455094e-02,-8.309990700060023983e+01,-2.595924853636967455e+01,-7.406054080401114348e-01,4.951937465688004414e-01,-2.748250953148470566e-01,-4.423747459777914059e+00
-9.862976606499349042e-02,2.444353589232473589e-01,-5.874753871574117881e+01,-2.015106495642355125e-02,9.313030572494476189e+00,-9.932668861988724984e+01,-4.135654072859322810e+02,-4.833584092216085537e-01,3.784251837160537946e+01,-7.109593537341815761e+00,2.690458838411017850e-01,6.971905254887417414e+00,2.821334423051382601e-01,3.562383166497266718e+00,-2.510772856353888471e+01,-1.880424148734501841e+02,1.631694572525778320e+00,3.349219315285584808e-01,2.775497675544317394e-02,1.019188065490177223e+03,9.669125929704172617e-02,9.721047939329622301e-01,-2.241087403800481881e-01,3.975560953715328444e-02,7.160624638428039646e+01,2.253433461283893990e+01,3.637098967350269607e+00,-1.296327940281013058e+00,7.773063731280494437e+01,3.143022361427680877e-01
-3.403635909948407590e-01,7.596964254295300867e-01,2.466506705290901778e+02,-8.515980969354155355e-03,1.682632491642910733e+00,-7.823777632016697225e+02,-1.251353789832734265e+03,-3.671058438139868652e-01,-6.806183939555295659e+00,-1.897048091807158832e+00,-1.005539439754474240e-02,5.477658168272029116e+00,4.970367424762157094e-01,-7.289148923037826577e+00,5.797269163383329094e+00,7.540440535518851561e+01,1.792785664590591799e-01,1.846727410946010506e-01,-3.786975129682867980e-01,-2.306151962613573119e+02,4.698153551043215276e-02,-9.449086744226030676e-01,-1.092406261463509720e+00,-1.645396272751481481e-02,5.149354171389013146e+01,-3.645292402686483229e+02,3.809773432547653726e+01,6.831968759152361770e+01,-2.970395887941816304e-01,-1.303506324095717206e+00
-3.047572762302309113e-01,5.185923350323897729e+00,9.278428813360950755e+01,-2.847974341443730406e+00,5.704082326438108197e+00,-2.556311777304151462e+02,-1.120372766442869033e+04,4.544363384281565388e+00,9.066506375702184428e+00,-3.103211802306160116e+00,-9.313832718305009584e-01,-2.055435711464648989e+02,5.371842699936506538e-01,4.245843569560944886e+00,2.271202040480201134e+00,7.927527975272920457e+01,6.231437912919379762e-01,-2.504293255489018044e+00,9.354629124759336264e-03,-2.452739505023696509e+01,4.484753963146703021e-02,-2.382268445577250537e-01,1.163257143405543002e-02,-3.467660179905675960e-02,-2.139365739039204295e-01,-9.583186049229188086e+01,-3.583287385666875657e-01,-1.452244468661037899e+02,-6.054054431359168653e+00,1.676249714638175803e+01
4.650467610445194189e-02,-9.490760242482267017e+00,-2.300456989066826736e+03,-1.738615452455252841e+00,5.984380417217993298e+00,-5.476122749291466789e+02,-1.008264855518418153e+04,9.680138255269499226e-01,3.601616274147669827e+01,-4.351358164759107638e-01,1.441095932002657509e+00,1.344894119018465728e-01,-6.932723151908222192e-01,5.322201289063097779e-02,3.556989503400024955e+00,9.678516777352792033e+00,-9.679059067385830106e-01,-3.867875136880258413e+00,-9.633575336508386211e-02,-2.267613479059477868e+02,5.925924001491705606e-05,5.453998743394259918e+01,3.178660019241481560e-01,1.007765127132569452e-02,2.799324956558158807e-03,1.148041005252142277e+01,2.504679176579821531e-01,1.381083935485148686e+02,2.262908615780940380e+00,-2.658742118211636196e+00
2.304528291797073303e-01,4.708772950076814290e+00,1.281313625149836639e+02,-1.309294045224386416e+01,-2.819947860449126820e-01,1.805914116228955390e+04,-2.949798300427517006e+03,-4.192957824331639216e+00,1.642975361360449540e+02,2.143990087780696108e+00,-2.068978123262855962e-01,9.896268478712806882e+01,6.859368884975404201e-01,-3.888834481952072042e-02,4.494365018119410138e+00,-1.110758766115003127e+01,1.695797048342480018e-01,-9.618654488721798401e+00,-1.129871157441475926e+00,9.639065871503671445e+00,1.173315375712321446e-02,9.188839178112365502e+00,6.494014363946363222e-01,4.920295394957014887e-03,-3.819808020997277065e-02,-6.776323174940156946e+01,6.236106564461941559e+00,6.621708191713528535e+00,2.526221376320812340e+00,-6.402848475859588717e+00
2.774647201628794302e-01,-2.325400671976399769e-01,-9.704954291461666571e+01,6.333684678902604226e+00,-5.259177566580981456e-01,-9.870630158456365461e+04,-2.788837377376058066e+04,-1.756136719982531531e+02,-7.433397629640759874e+01,4.687836044055947227e+00,-1.039092188774613790e-01,1.141679977146350566e+01,-1.503131792782284593e-01,1.641272332508161735e+00,-3.538596214123364003e+00,-4.225261164371802103e+00,2.967247841892378233e+02,5.838376957711009396e+00,-3.514149701335839815e+00,4.825205665414944001e+00,1.568504890434787094e-02,8.019946732080786944e+01,-9.554110076723117961e-01,-5.469261145420251102e-02,6.271599556723910229e-01,1.890832023888611104e+02,-2.291038767898661632e+01,3.359758818868724717e+01,-9.525579074209939989e-01,-1.607705129070514882e+00
1.944682824925193232e-01,1.202740390242482485e-02,1.617560687764240868e+01,7.064991603900280248e-01,3.159096327853569419e-02,-1.627532755207605078e+03,-5.530010158233013499e+03,1.034394212549900374e+02,-4.340393505663147522e+00,1.153771151337338319e+00,5.042854327446880114e-02,1.640714631944423374e+01,2.518411755097339499e-01,2.862567080616411630e-01,-2.237550443564042624e+01,1.090024268638445509e-01,-4.510700390185093944e+00,8.853031037740363374e+00,-8.606627218256142700e-03,-1.373287015419081714e+00,-3.079678011932727999e-03,-1.400228306623004748e+01,4.909978426306068067e-01,-1.350504614201096867e-03,1.109353779359268100e-01,1.168756198694768855e+01,3.912569647156729502e+01,3.400202702919494224e-02,-1.416812182698318490e-01,-7.087784899527432181e+00
1.223390665602657953e-02,5.805791985725838877e-01,2.356606077949969513e-01,-2.551968440103369873e-01,1.505898287160564513e-03,-6.840560231895666732e+01,8.102918584756937435e+02,2.736500720702869103e+02,-7.423293328300255567e+00,8.415221674898523130e-01,9.687239046556444730e-03,-1.129442395153220424e+00,-8.476819915502455116e-03,7.460684028158123260e-01,3.507278899843322417e+00,-3.918446692633009709e-02,-4.100986863836888485e-01,1.638982073939984352e-01,1.479017088331029850e+00,-6.719688266833656609e-02,1.211736557731794926e-05,5.054167025298509364e-01,-2.453474555477176189e+00,-2.156110193038240051e-03,-1.336921150110238288e-03,-3.983348489360748701e+00,6.864907669346823060e-02,1.423493255487643383e-01,-3.385552707703584976e-03,1.157604941570460255e+01
2.528151816920877048e-03,2.602953651779360000e-01,2.711730855337979165e+02,2.085925318460379874e-01,-4.164701523166441932e-02,-4.704127564973454696e+02,3.207714542585451454e+03,-1.050778481663252819e+02,-7.528813869176991247e-01,-1.074577654537718807e+00,-1.269434758000954899e-02,4.812204431786337011e+01,-8.397954522345157371e-04,2.623884522649433393e-01,8.821938420681085802e+00,-7.105291884840798933e-02,2.626587170826257325e-02,1.686629658158149141e+02,1.425479537598513202e+00,1.420003454204248582e-02,8.243182429241747988e-04,9.840341901920103551e-02,9.727457882288218505e-01,8.202851022680232845e-04,-1.315457342208634713e-04,-2.202956323951662743e+00,1.573686198548576373e-02,-7.263809724703155224e-01,-5.397614497345652740e-03,-4.287186686514793621e+00
9.681387752363895479e-05,3.994155739038807856e-02,-2.560415973734729391e+02,3.591156650364129167e-03,-8.024306853730608924e-03,1.938516386114416079e+01,-1.590490340935477889e+02,1.813275160037711942e+02,-1.349809780351272637e-01,1.321433816355356505e+00,4.600788211428802343e-02,-1.698247895824072096e-01,4.141668667416667114e-04,-9.126770495534949346e-01,4.550041292377438040e+00,-1.180952242464132322e-02,-3.404433645723695806e-02,2.690040616505752524e+01,-1.780102104836998045e-01,1.483686886140480341e-03,5.170500847360806481e-06,8.707262137195255491e-03,4.001665312834279398e-01,1.622540433785241891e-03,-3.079764729628141568e-04,7.122294639227086388e-02,-9.685574685713268517e-01,-2.197841064442955170e-02,2.011592854552277012e-03,-9.943958904625933570e-01
5.317030882589645642e-05,-3.734401280662399264e-02,-2.072706731947824323e+02,-2.949003862616514024e-02,-2.148469457800566192e-03,1.302180668340356728e+00,1.495310950841053909e+03,2.070129771379900490e+02,-1.600966262817259400e+00,2.162817695273864516e+01,-2.744325684323625086e-02,3.306690939244326888e+00,1.286555775225533930e-03,5.159427474416135029e-01,4.764501625328827572e+01,-1.115893082755333148e-03,1.078782401195676144e+00,-7.236693522108855348e+01,6.522305446569306442e-01,9.211587471347128242e-03,2.078355819487971939e-04,8.868613108028754188e-02,-8.208190888781223826e-01,-1.116303955729536397e-02,-4.174861039815080249e-03,2.139376090344967951e-01,1.685505608917193809e+00,5.730521350667521219e-01,-8.042545159868078053e-02,-7.157282883512590121e-01
3.975164182642293431e-04,4.090183115467001468e-04,3.894757917151600395e+03,9.714989066996049596e-03,-4.590615318391432637e-02,-4.002104924475676029e+01,-4.027418343364801245e+01,-5.866140634672122189e+01,1.225721998798103174e+00,-1.395461708135079304e+00,5.785783549005061753e-04,7.551123223181855337e+01,2.223643109480965933e-03,4.590522045720119571e-01,6.971503000518731596e+01,7.659575199033659897e-05,3.423598256525014483e-01,-2.944747309106579536e+01,1.079806495009689483e-02,-2.097053634719044449e-03,4.346257826119664908e-05,-3.821729388327375077e-01,-3.040980514917955624e+00,1.546431480072977920e-02,-1.830639390362005965e-03,7.525693426208944492e-02,2.752467272225812334e+00,-2.640337902168022471e-02,-9.751237615512678425e-03,9.739858267971322758e-02
-1.755396443939383514e-03,-5.991931437924787182e-04,-2.235855225497326956e+03,-2.641035924125724466e-02,3.772421084972032296e-02,-6.650132321578573169e+01,2.159556046690030087e+02,1.632440360414099700e+02,-1.159929989621597812e+01,-5.298881359823344184e+00,-1.237497589479252466e-02,3.961964496604575743e+02,5.983249314948307180e-04,3.134313659115974371e+00,7.621502319923928326e+01,-1.076543159245342779e-04,-1.333054968027111951e-02,5.012503301088963070e+01,-7.102344453060760454e-02,3.261250257196464039e-03,3.476957474191776667e-05,-6.017865763294739656e-01,6.337533445695088252e-01,4.129246133413962822e-02,6.735164765785274900e-05,-4.327776083322135148e-01,7.088083052322504685e+00,1.047811240660218024e-01,-4.408598434068303120e-04,-2.765506937370850946e-02
-1.216584415880634512e-02,6.647293777096917496e-03,1.654216064563515829e+03,1.702712742610079100e-01,-4.108493434004850675e-01,-5.576854475962747415e+00,-1.550010385211542996e+01,-1.167420945599606341e+02,4.300236722593358252e+01,5.455651492023554994e+01,7.126403713091730707e-02,3.884539887895907384e+01,-3.817983407161137325e-03,6.576996932344654490e-02,9.762242461749567610e+02,4.648929633877251798e-07,-2.182144555817190079e-01,-3.671387647892034778e+01,2.359764852730671103e-02,8.740439278931321637e-03,-9.723477757278162171e-04,-1.806248816193897433e+00,6.008478399229948863e+00,-2.355190221281901197e-02,-1.876028676094478650e-04,-6.638503876728647501e-01,1.004301944005732583e+00,-2.322094561126801862e-02,7.167985268050906800e-02,1.456736661170676943e-03
-7.270941268903537980e-01,-2.249662683372562547e-02,4.185510662578931829e+02,-4.981548477127115682e-01,6.723293700968042685e+01,-1.337754676402281007e+02,1.194742590561585827e+00,-5.141056545943637275e+02,-1.858475679266278391e+01,-1.401890354560752172e+01,1.334645750644507071e-02,-1.116574225372696247e+02,2.042982350071717319e-03,3.382656136044693795e+01,4.581834962342392828e+03,-8.568003556090541487e-04,-1.180949451730323001e-02,1.145650201098304777e+01,6.133097496200148185e-02,-6.653863544898037941e-02,-6.106467717552869524e-03,-2.211673180842336706e+01,7.315715639672492898e+01,-7.346695724882639222e-01,5.859854773071315574e-04,2.642746223401056582e+01,-1.327647914257098050e+00,1.601376980789201085e-02,2.047740203551180194e-01,-3.785908145268855694e-03
-1.258605296338504431e-01,-1.353521734262136227e-02,1.189877639132075302e+02,-6.413414292915746440e-02,-5.094323725492471144e-01,1.844937706321710991e+01,-7.040071806879544702e+00,1.308502851781379093e+02,5.478823662793934623e-01,2.790303625434409440e+01,2.752758318348516586e-02,-3.027494883907807548e+02,-4.131713727893457713e-03,-3.015529753167650817e+00,7.122033815805947370e+02,2.433106856088871543e-04,-4.152603840949638421e-03,-2.076851100929856671e+02,-4.566405848833109821e-02,8.156388758351855450e-02,1.167852857234335205e-03,-5.949230390854012285e+00,1.179281167890094295e+01,4.246268654626809136e-01,2.271903545566537723e-03,-3.972072441009504296e-01,-4.705568580722404803e+00,2.855490365459410589e-03,-2.871086831020256191e+00,2.067097901560143326e-03
-3.778254755189338894e-04,1.296140040465328658e-01,8.784580389448436222e+00,5.686699382446633866e-01,-1.595168944946963308e+01,3.977139407695074791e+00,-2.077700022409925129e+00,1.520811476858789888e+02,-1.154336547406186408e+00,-4.199611595682679055e-01,4.711612266298099982e-02,-6.537382200157865555e+03,-7.017167363014804871e-02,-1.740189577975220114e+00,-8.458923104266696669e+01,1.597382892646095876e-04,1.441475801688894658e-02,1.834908635519745530e+03,5.919767544902545392e-02,-2.278717301524914307e-02,-2.085118722230355076e-02,4.045309375142439379e+00,2.944113556109121532e+01,2.157862744374718922e+00,1.749055720941795206e-03,-6.367168474894922880e+00,2.012788472851175570e+01,-1.061712154209654702e-01,2.593269307850913030e+00,4.211476904311797775e-02
-9.836412924930763857e-02,-1.852840086591654722e-01,-6.852044673389726670e-01,1.446515384016908434e-01,1.449856903401203390e+01,7.142373193767210360e+00,5.402918717618087063e-01,3.970770137766742636e+01,9.578216532084062040e-02,-1.086802398715503548e+00,5.328542237469579418e-02,1.347080361164709359e+02,3.284505853991276521e-04,-6.967391691760388417e-02,6.243880183059453515e+01,-5.454233385086133779e-05,2.075448963055517414e-03,-1.698138747652049929e+01,2.062825018328380555e-02,2.149390976155097013e-02,-5.234146408294635539e-02,-9.078275026296359629e-01,5.038219149126227890e-03,3.333490556266903937e+00,3.467178302486709413e-05,-1.136394119252467760e+01,9.007741380390594799e+00,1.871961340108356173e-02,-3.922159829517150864e-02,9.115045213857268791e-02
4.333611293135130466e-02,9.992614650602991144e-01,-1.044922707234998427e+01,-6.456825366213572726e-03,4.438768899710369809e+00,-4.255497995884307016e+01,-1.412455652279237250e-01,1.953250160352490994e+01,1.142546029195031509e-01,-2.796880298099001294e+00,1.412330542673523870e-01,1.101012519658499045e+01,-8.245899439113580135e-05,1.002873648380954788e-02,1.465353475921159054e+00,-2.171166771818452013e-03,-5.864974688147563467e-03,-1.527278051381436796e+00,-1.896406543884459825e-03,-4.384961892705616093e-02,-1.236250702996324283e-03,-1.412131164552261897e-01,-2.204241307923577864e+00,9.167704641666295728e+00,6.472733109122211746e-04,9.596049092887837251e-01,-6.420353723369527366e-01,-7.336778744884520781e-03,-1.742688124148233930e-02,-2.330461017912170002e-02
9.372685429253792624e-03,-1.238844135258800883e-01,1.484966717781406054e+01,1.446135914572060088e-01,-3.089446456960563969e-01,3.541202079654698309e+01,-1.519910354458794188e+00,-1.480897587292427175e+01,-1.522076852694817184e+00,1.533903742439179894e+02,1.617432134350635653e-01,3.806256109948233046e+01,-1.232823403694197767e-02,-1.049312232255648902e-01,-1.262220197565323554e+00,-1.897041477354479214e-02,5.861326466419880619e-04,-3.386420056832627523e+01,-1.064628193289153882e-02,-9.408722232446542488e-02,-3.722412107705133644e-01,-2.040069510629636707e+00,-2.494612034003153767e+01,-3.286646208387292045e+00,4.538103777296516143e-03,-8.427101787931734478e-01,8.012788602373040803e+00,-3.414975996417404965e-03,5.545073628785457918e-03,7.483687323805435958e-04
-2.487502314605502529e-02,-5.829009653623287712e-02,2.705702346627090749e-01,4.825427385279691950e-01,-1.522748022198077367e+00,1.032261306983539129e+00,-2.303159269115417462e+00,7.288459283549302725e+00,-1.205046230615436587e+00,-1.203074117582156788e+01,1.081754815068508742e-02,-1.908894413181573047e+00,1.661056275953170375e-02,1.206856149021883207e+00,1.035629335610165036e+01,1.415403849958816844e-02,8.834448966714607623e-04,1.390306811584344437e+01,1.042619746974639446e-02,-1.840929732662738641e-02,-1.352831531033093226e-01,2.013529671681537347e-01,8.862006910184922504e+01,-1.479700217235101034e+00,-1.644486334705094754e-02,-1.941554806919010279e-02,-3.718392633037059802e-01,1.137753488195897907e-05,-3.276280775603165364e-03,9.047984845810305710e-03
4.607182741151723791e-03,7.956205264869456451e-02,1.565396499755055348e+00,-1.045744803455374572e-01,-8.680944055028249062e-01,-8.185487296492519604e+00,-2.652051227609255157e+00,-7.253322056699400278e-02,4.106415928149858452e+00,-1.903109359736805839e+00,-6.966275254129059014e-02,-3.292119347999511003e+00,-2.457663759827738437e-02,-8.779047904104113620e-01,-1.191447854094604075e+00,-1.080027806878653546e-02,-2.524554644543789902e-04,-1.128261101752368357e-02,-2.959597918287685397e-02,1.499997839562886535e-03,2.561617865518404091e+00,5.572680295346261747e-01,-6.461409134699868106e-01,-5.314647739346654853e-02,-1.676331949667237697e-01,-1.999117435026418754e-01,1.934192763241015800e-01,2.312878157908879640e-04,1.847282008349217805e-03,-1.520989308580217823e-02
-6.476251296496385529e-05,-3.474544781739394295e-02,-4.775025658749960655e-01,2.416236132290545957e-02,-3.642969582349248753e-02,-2.901190582610989832e+00,-7.854314394444622191e-04,5.441478569701964751e+00,-2.656548541488933157e+00,5.501458157195540100e-01,2.108959456517804643e-02,-6.287913995242028209e-01,-3.342317949569992546e-03,9.521421019505028838e+00,-8.911910668844154060e-01,-2.822299599557068391e-03,3.153882199137946906e-04,-1.495367711755202889e+00,3.299535111588661630e-03,-9.313615636160030601e-04,1.895284157517373655e-02,-1.994243193555677793e-02,1.083286303503220083e+00,8.081643105233269342e-01,-8.691522512455789745e-03,2.897437210979522323e-02,-6.100408831231268758e-02,-6.338603053810996999e-05,-1.015558422579238050e-03,-1.403769332254430624e-01
2.396980781337409809e-04,1.924921333780602560e-03,2.976838688466265648e-01,-2.984356053403316132e-03,-2.225523338833831563e-02,4.319809482024560277e-01,4.684938822417954174e-02,3.201563775795711830e+00,-1.929502848402495363e-01,7.876378245415210921e-02,7.944620164103231852e-02,1.897254319900932851e+00,-5.759094150713913764e-03,-1.559400324803648985e+00,-1.304620020602150543e+00,-5.632366292522869404e-04,-2.540990194558093943e-03,-2.323591574983323027e-01,-2.103839211693053421e-03,1.276055190822438911e-03,-1.065015589411109492e-01,7.568711838656815016e-02,1.567878569938998101e+00,-1.334911237748920954e+00,3.088280276843291886e-03,-4.114910592077814129e-03,-3.510489598682546997e-03,5.882678994500879478e-05,-4.334671791884071022e-04,-1.229765616672004125e+00
-4.617458244949392460e-05,-2.596980287616381267e-03,1.133280904497806774e-01,1.004839282568650762e-03,7.657948491304254757e-02,-5.232802238874032508e-01,-1.219325095514224404e-03,5.492001623764932727e-01,1.614299375519029633e-01,1.046400859435663976e-03,-3.051437420304455861e-01,1.815608636325701353e+00,1.982031486107258976e-04,-1.087545937157953801e+01,1.372342168329640621e+00,2.496936406114719058e-03,-4.292258013095580658e-05,2.655142066663944422e-02,-6.615393048257018672e-05,-7.856705901917948598e-03,-7.849450183749828724e-03,1.887710393816562637e-01,2.613833559936897810e+00,-6.173817649784549833e-01,-3.554148504479822963e-03,-2.341315227948912933e-02,3.249367825335432863e-02,5.551963672341093210e-04,1.115027264734540051e-03,-3.190078971617595904e-01
4.973707001108219807e-04,-8.197245856459697139e-03,1.522392615709035682e-02,-1.092626822699123423e-01,2.217892493303422197e-02,-2.316346528467868038e-01,-1.083092627427423987e-02,-3.548428094690862511e-01,3.535398830019802485e-01,-1.448017929667714566e-03,1.205635630779327422e-01,-9.875897456648174977e-01,-1.993868037242496182e-03,-4.278236468374921886e-01,-2.297578751760050775e+00,-1.039055859057437699e-02,-1.025388179322244894e-03,-8.040968177526110628e-05,-9.161580672093955257e-04,1.555751774209481429e-03,-1.421996491935349468e-03,2.447815148354122103e-02,3.117875423260547674e-01,-4.170195131946499600e+00,1.739816148010655747e-03,-4.542180516128294099e-02,-4.658356249736857603e-04,2.249487291469355263e-04,-1.450277200589489713e-03,-3.069586414427673965e-02
-1.845578374003173166e-04,2.634467259647922666e-03,3.102087985185088964e-02,1.221962836328883105e-02,4.673723030748339058e-03,1.973273807323960936e-03,6.385133398881102929e-02,2.485490384842926892e-02,-1.809834053989635861e-03,4.912666896406362328e-04,3.731198794471494301e-02,-4.347511563187738542e-02,-4.792846642844086360e-04,-7.394500211117303934e+00,-3.029571230435230689e-01,4.786777848757652574e-03,2.387880913872740009e-04,4.673028614951842781e-04,-2.408775882532953651e-06,8.845386620761855768e-04,-1.335793582937328666e-03,-2.234969575541645003e-03,-3.567894836580600554e-02,-1.975746979989982111e-01,1.432649918990051494e-02,2.313088880910587567e-03,8.536634207918176250e-05,6.204595022955575949e-05,7.886244875180782653e-05,1.028933060108868291e-03
-7.754951716092930070e-05,4.156763760498128127e-05,1.872411368543920466e-03,-1.263948198263725210e-02,-2.460019322185449641e-05,-1.211050054960775661e-02,-3.469753309706012472e-03,-2.732094103178786711e-03,-3.767853694004149462e-02,-2.696071831816857986e-04,2.146632112198121334e-01,-1.321626601870310225e+00,-9.804222118884495750e-05,-2.132050950093774944e+01,1.104060136863479258e+00,6.018088580881430366e-02,1.176996890683149662e-04,4.297087221421428500e-04,1.124637382457634139e-04,1.653600242354296215e-03,3.428240935515760278e-04,2.482577176692950228e-04,5.340620653751659841e-02,-7.821215816639155438e-01,-1.589458194434074066e-03,5.693029776099768624e-02,-1.618972204587842018e-05,7.319932921926232969e-04,-4.020733537675880938e-06,-3.181631898133375699e-03
1.186277593844339709e-04,2.941706778446851237e-04,4.149998754663384096e-03,1.107736169716031166e-03,-3.343051696547340193e-04,5.153877768266562631e-03,1.877389031857246496e-02,5.055535103391419881e-04,1.752583057013991667e-03,1.209548931281432545e-04,1.777110163364515119e-02,-2.301492936818142487e-01,-1.693836431090877184e-03,1.105924514116418456e+00,1.641604400360818117e+00,4.895223884631826755e-02,-3.469393138934375159e-03,-1.545580444140692443e-04,-1.491675857089204037e-05,-6.456782121983834378e-04,-9.490857218694241648e-04,5.177598592795957882e-05,-4.387335203067231236e-04,-3.928826760287691955e-01,6.031139506327570397e-04,-3.970940061823267919e-02,-3.291197056482888833e-05,6.357870006649406127e-04,2.279062384479457583e-05,6.433342553999295971e-03
1.745319635915381848e-02,5.558244818357904607e-04,-4.517531915508849047e-04,1.110160604513891428e-03,-5.700730759019516093e-05,2.883521574775003635e-02,2.049994067959581454e-04,2.079075026557367293e-05,1.389554526182549881e-03,3.427552234831192863e-07,2.342788115548266603e-01,1.049385648901086238e-01,4.087383996766654230e-04,-3.538822759956693886e+01,-6.459761502194023564e+00,3.147631552276368427e-02,6.745004837477288663e-03,1.096210860591219187e-03,-4.071641870449999551e-06,6.472006725947169114e-04,-1.136378548359353322e-03,-1.115865371384279459e-04,-4.807714935211539198e-02,-6.037509320692406867e-01,-4.752185023476158460e-05,1.263196838048768339e-02,-9.148772244044511327e-05,-1.083086277723422280e-04,2.606915239889880922e-05,-5.658604220789857989e-03
6.222126580917137009e-03,-7.954305288257518172e-04,-1.265493471436406756e-06,1.848190485977588022e-03,-2.861230278146747354e-05,-1.422372741725134689e-04,-4.322413896512990591e-07,7.019116210512934770e-06,1.566910854204897488e-03,4.199827726716324919e-05,3.180817660729313157e-01,3.317031976600827825e+00,3.996965065956536133e-03,-4.957906752334606537e+00,-1.421470240229015758e+01,-5.685523505800771761e-04,-3.031862077173965928e-02,-7.396861554120988857e-05,7.946310244799430992e-04,-2.572461251446591177e-05,-6.161325479017497140e-07,4.691689383424401237e-06,2.154247005569693771e-02,3.646567017532998722e+00,-1.327118043949566874e-04,-4.288635026207193723e-02,-2.300660849269875981e-05,-1.252877604027928375e-04,2.536532631342453810e-06,1.804314447055762206e-03
-1.100911374297627063e-04,2.824464245881567772e-06,6.782210724842841561e-05,1.722891659400037118e-04,-2.343787136492311114e-04,-8.784930266631936729e-05,1.145467272542538106e-06,-4.454216531215125610e-06,-1.893712917170584412e-04,2.130735323895100064e-06,4.818182314353072933e-03,-3.080711490524045207e-02,-1.506872705684647248e-03,8.590448916099258092e-01,-6.719324082634897666e-01,-3.789604334562951798e-03,-3.053112786501220935e-02,-1.293625829091705733e-03,-6.970369069119348180e-05,-6.408477965776979231e-06,2.303117972530764816e-06,2.114118780759244158e-05,-1.168751506527698899e-03,-6.662271370717663677e-02,-1.028529574592785952e-06,1.012230461226037320e-04,2.120001868688703886e-06,-1.157801419195758017e-04,8.511010124094627347e-06,-4.499935417623430756e-05
4.246467127317157006e-04,-1.778575031589092948e-06,1.696029711766859800e-04,-1.503035562066246157e-05,-3.213334113470964486e-04,1.412736816420701376e-05,3.344553247814037249e-05,2.184676808133745404e-06,4.213660217821062876e-04,6.993178465977653070e-05,2.530012409862502851e-02,1.096499801527686842e-02,-1.060779497857740713e-04,-2.693270893617603079e-01,2.195697421102202340e-01,-3.350200068745548976e-03,1.536205480028716291e-02,8.807113765748256348e-04,1.340736345304168592e-05,2.092006852696697133e-05,2.109373989331712228e-05,-2.142545455584300541e-07,-1.708009784193349929e-03,1.619713531922196248e+00,-8.843160283757790314e-07,1.682680124254137886e-04,2.322241634502867810e-06,1.639913547032947671e-05,1.575132795019844990e-05,-1.676432662299265692e-06
-2.682463708838542932e-03,-9.977132888433739764e-06,6.081325537647672206e-06,-1.387836735254975975e-04,-1.897895543658268281e-03,-3.859424388754147551e-04,4.250632067503932738e-04,4.852682409268820990e-05,-4.645849092307913339e-04,6.126833258622302542e-04,-9.978963643939298134e-03,-1.374469573332457936e-02,-6.428512919377980311e-06,1.481486376778751168e+00,9.296508553626610383e-02,-1.804172803810808650e-03,-4.157167576975887013e-01,5.887277939712608514e-04,-3.621442855448596832e-04,-4.297377871028025542e-04,3.525640715941276543e-06,2.573134492410814020e-05,1.425084900571738367e-01,-5.294366756074770919e+00,-5.169148889662144271e-06,4.517256571643165378e-05,-1.322409770346029462e-05,-1.060521450403374474e-05,5.419982978037457311e-05,1.117360180252830099e-04
5.270384192333658901e-03,2.250400051612556394e-05,-3.911422134900765049e-05,5.825794712441441370e-05,7.371661907931366213e-03,-3.520406018907980446e-03,1.124948476428812814e-03,-6.766625218582557940e-05,8.747364801495507427e-04,3.175689118200812513e-05,-1.333816673558671853e-02,-3.293521415997892610e-01,2.330615707686092459e-05,-5.224874194935858362e+00,6.196671908779555205e-02,2.942314936753114441e-03,1.594883270045275581e-01,1.113839203257099234e-03,1.809134578700684326e-04,-6.753422542964917412e-04,-4.823307313375005672e-05,1.766439124706258685e-04,-5.148881409303229795e-02,-3.182801359421093768e+00,-7.304810744908553732e-07,1.298072762704994589e-03,1.485149330781965573e-04,1.059793387331610913e-04,4.139502441696285425e-06,1.927951476033944319e-04
-3.688690219663063458e-02,6.566840881090308031e-06,-5.198783793337933114e-04,4.404627521620275120e-04,-1.705580491309608825e-03,-2.455818205795048774e-04,7.291674715318646055e-03,9.242492872785511336e-05,2.634143478333403083e-03,1.416443842504703639e-06,4.965744895455148633e-02,-6.890764597597402730e-03,3.074818546750887507e-05,-1.196726260159884925e+00,-4.451319654938733911e-03,-8.940112184231904097e-03,-1.380593073475273880e-01,2.038539276623629838e-05,3.446937782508600114e-05,7.923097282176482374e-06,1.495428787938124721e-04,-4.178187778649461920e-05,2.707470473714311265e-01,-6.264449743981342737e-03,-2.637640505571038516e-06,1.676633226334572739e-04,1.837918191580390783e-05,-1.489269739540680168e-05,-1.609694263706397255e-05,-5.258879790082360804e-04
-9.553268541037100714e-02,-1.995291893030522309e-05,-2.439219222298485702e-05,-6.475330709659641660e-04,4.884207716828623073e-05,-6.456302875055371831e-04,-4.209455564484446567e-04,1.738428733279495425e-04,1.588926887489686178e-03,1.469444277060239353e-06,7.597551301724547171e-04,1.004923735292263505e-03,2.108253022277933034e-05,1.761533703023821298e-02,-2.320310882867184232e-01,8.798716143940902429e-03,-4.587691628052437826e-03,-3.302778938848756254e-03,-9.684859124299165017e-05,1.965569577166678726e-04,9.528445844046752803e-06,-8.305748302798258965e-05,-1.019124097365907422e-01,5.843629444410586293e-02,2.491805278069532823e-06,3.186815007796133003e-05,4.070537658294524463e-05,5.401849426610010506e-07,-4.808284923714797371e-06,2.040018835158415565e-04
-6.266791927579102861e+00,-7.277402546392304863e-05,-1.327637240964758131e-03,6.148025724398826185e-03,5.824898570958852041e-04,6.178232272042399886e-02,-1.289317999961611888e-03,-1.949520509232103693e-03,-2.573785377051098552e-03,2.848817282816561988e-05,-3.866923716297333922e-03,-6.116367271980899765e-04,6.560022427973295931e-06,6.587056541680894051e-02,6.057412472015297200e-02,-1.021001848547709381e-02,4.335130726244944971e-02,-1.619849518895178156e-02,1.287704105061140481e-04,2.535183831333384825e-03,-2.369535854060121540e-03,-2.559668604200887967e-04,5.641999133955703793e-02,-1.465291783394296818e-02,1.239921693346905174e-04,1.025156387675348144e-04,8.815069960284528574e-04,1.292780434703712748e-06,5.992983582139791435e-05,4.325192417968230785e-02
3.679652804738950955e-01,-1.116239041543093906e-04,-5.984917716926435290e-04,-1.443727441553625812e-02,3.595816078289111681e-03,-1.537276007166000699e-02,1.251888508888895392e-02,5.406788773395930676e-04,-1.331222187257968641e-03,-1.211374430244273368e-05,2.898627098656997476e-03,7.159158339867206962e-03,-4.765867733297949796e-07,-6.691439110021348002e-02,-6.017095840707600146e-02,8.035805913753951008e-03,-4.811966350566786177e-02,-2.054819464031993215e-03,6.344522991040702636e-04,4.537850205057293910e-04,-8.554573972825484443e-03,5.239150422575608547e-05,-4.124669125317024371e-02,-2.169037151905986102e-02,4.650587453342735936e-04,1.010423279652909376e-04,-4.762928336496064451e-04,-3.613116939059224872e-06,-6.118081468085304281e-04,6.367828988868428838e-03
-2.489889807721632278e-02,1.496498004371030904e-04,5.757529823518306444e-04,2.642546938341735693e-02,8.814303950743430927e-03,-1.252986091931674803e-02,1.309364334561490331e-02,-2.561993254717415125e-02,2.052141240244608877e-03,8.217963453815727514e-05,6.969342558007070136e-03,-1.319572500017766881e-01,2.302571645069755852e-06,-4.657956922432013869e-01,1.452311005131044497e-01,1.489329450000712865e-03,2.235921071087915435e-01,-8.280207915452591702e-03,9.111653391843323353e-04,-2.598477820918501657e-03,-8.215517719565567159e-03,-1.629073089239965427e-05,2.825466243631948732e-02,9.555397346408143686e-03,-4.833366344884744778e-05,2.627273925526920468e-04,-9.413305788320319029e-03,2.626312285035589089e-05,-2.051091331351505048e-04,1.087086071948367965e-03
-1.613653644266005882e+00,-1.240137230328756436e-04,-1.291521039634402324e-04,6.137247731393476353e-03,1.970457400000331580e-03,-9.759152114285267118e-03,-3.630622267153728842e-03,-4.064455310343138145e-02,-8.923736418914947691e-03,2.212441048114075436e-04,-2.889882222448635768e-02,1.405863754436540748e-02,-5.567366534399716532e-07,2.389698511375231593e+00,5.775021928985017358e-03,4.389867783881200823e-03,2.826806027297327439e+00,9.097373073637121318e-03,-1.331854304902780478e-02,9.388208227898332467e-03,-1.325346440866481158e-03,-2.967055089238163643e-04,-5.381915129475101783e-02,4.010897996170651424e-03,1.859777711075690908e-03,-1.118694019209910456e-04,-1.098416477549037096e-02,4.471825882407888856e-04,-1.573445829155461985e-04,-6.386809750779725585e-06
-1.475531944906454029e+01,4.746249051414294607e-04,-3.233290775295623944e-05,9.977692411578997691e-04,-2.975694535962404574e-02,1.925843326396495941e-02,-7.493975713163381590e-04,7.713436008288466865e-03,-3.389086015791686890e-02,5.110644524844833517e-04,-8.749399433284010819e-03,2.374111223497015963e-02,9.132726494580193938e-05,4.759144421597737984e-01,-3.276291152514645283e-02,-1.027847495487543275e-03,-4.364266499104411778e+00,-9.630415556617019646e-02,-8.245740799068358023e-03,3.721407265031262922e-03,-1.254236236995689069e-03,-4.894465360519395340e-04,-1.159630642844510923e-01,2.253731793250497370e-02,-6.766505566504135293e-05,-5.021218427337498756e-04,1.350566818411948547e-02,-4.638831622787883383e-04,-8.923112194727505901e-05,6.870505069961946708e-06
-2.685045971921225849e+00,8.874227021322227127e-03,8.218320447374038464e-05,-2.318848239368192620e-04,-1.212778123405228031e-01,8.264398951445874617e-04,-5.784831369754713654e-03,-5.123235235159540784e-04,-1.116302098349072555e-02,-2.991498167355940725e-03,-1.046811953921648365e-02,4.554834398104413810e-03,1.442019373910296502e-04,4.730051197629025865e-03,-1.918504067107619504e-01,7.940382053089812446e-04,-1.183118358464605890e+00,2.010880393481576378e-01,4.981174825731750355e-02,-8.304781040818553844e-05,1.514693746211132335e-04,3.774687098159510996e-03,-3.784769102573849464e-01,7.570639533223124176e-03,1.623344276969583425e-04,-4.275823003884239928e-03,-9.068984733346374671e-02,8.581439646366413035e-04,2.062579547825227658e-04,-1.749798100222285047e-05
